Order_ID,Date,Product,Category,City,Quantity,Price,Total_Sales
1000,2025-01-13,Mobile,Electronics,Chennai,6,20000,120000
1001,2025-04-25,Keyboard,Accessories,Delhi,2,800,1600
1002,2025-10-30,Mobile,Electronics,Kolkata,4,20000,80000
1003,2025-02-17,Laptop,Electronics,Bangalore,2,55000,110000
1004,2025-10-15,Laptop,Electronics,Pune,2,55000,110000
1005,2025-08-18,Keyboard,Accessories,Chennai,5,800,4000
1006,2025-03-23,Laptop,Electronics,Pune,6,55000,330000
1007,2025-05-23,Monitor,Electronics,Bangalore,2,12000,24000
1008,2025-02-22,Monitor,Electronics,Pune,1,12000,12000
1009,2025-07-03,Mobile,Electronics,Chennai,3,20000,60000
1010,2025-08-24,Laptop,Electronics,Delhi,5,55000,275000
1011,2025-02-10,Tablet,Electronics,Chennai,5,30000,150000
1012,2025-10-23,Monitor,Electronics,Delhi,2,12000,24000
1013,2025-12-05,Laptop,Electronics,Chennai,2,55000,110000
1014,2025-04-30,Mobile,Electronics,Pune,1,20000,20000
1015,2025-08-21,Mouse,Accessories,Hyderabad,6,500,3000
1016,2025-07-09,Headphones,Accessories,Bangalore,3,1500,4500
1017,2025-12-26,Mouse,Accessories,Delhi,6,500,3000
1018,2025-10-01,Headphones,Accessories,Bangalore,6,1500,9000
1019,2025-08-25,Headphones,Accessories,Chennai,4,1500,6000
1020,2025-12-17,Keyboard,Accessories,Kolkata,3,800,2400
1021,2025-01-17,Keyboard,Accessories,Pune,3,800,2400
1022,2025-02-03,Mouse,Accessories,Hyderabad,2,500,1000
1023,2025-12-02,Keyboard,Accessories,Pune,4,800,3200
1024,2025-03-15,Smartwatch,Electronics,Mumbai,3,7000,21000
1025,2025-10-15,Keyboard,Accessories,Chennai,5,800,4000
1026,2025-10-26,Tablet,Electronics,Hyderabad,4,30000,120000
1027,2025-03-12,Keyboard,Accessories,Ahmedabad,5,800,4000
1028,2025-01-25,Mobile,Electronics,Mumbai,1,20000,20000
1029,2025-12-15,Headphones,Accessories,Delhi,4,1500,6000
1030,2025-07-15,Tablet,Electronics,Ahmedabad,5,30000,150000
1031,2025-10-11,Mouse,Accessories,Delhi,1,500,500
1032,2025-11-25,Mouse,Accessories,Delhi,3,500,1500
1033,2025-08-11,Mouse,Accessories,Ahmedabad,2,500,1000
1034,2025-05-15,Laptop,Electronics,Mumbai,5,55000,275000
1035,2025-11-17,Mobile,Electronics,Bangalore,3,20000,60000
1036,2025-07-11,Headphones,Accessories,Kolkata,2,1500,3000
1037,2025-09-08,Monitor,Electronics,Delhi,1,12000,12000
1038,2025-06-07,Monitor,Electronics,Kolkata,2,12000,24000
1039,2025-10-18,Keyboard,Accessories,Delhi,1,800,800
1040,2025-02-05,Smartwatch,Electronics,Mumbai,5,7000,35000
1041,2025-12-04,Headphones,Accessories,Mumbai,4,1500,6000
1042,2025-09-28,Mouse,Accessories,Pune,5,500,2500
1043,2025-10-04,Keyboard,Accessories,Bangalore,6,800,4800
1044,2025-07-24,Mouse,Accessories,Hyderabad,6,500,3000
1045,2025-09-22,Smartwatch,Electronics,Delhi,4,7000,28000
1046,2025-04-26,Keyboard,Accessories,Hyderabad,1,800,800
1047,2025-10-29,Laptop,Electronics,Bangalore,5,55000,275000
1048,2025-01-04,Keyboard,Accessories,Kolkata,1,800,800
1049,2025-02-04,Keyboard,Accessories,Hyderabad,1,800,800
1050,2025-09-21,Mobile,Electronics,Chennai,2,20000,40000
1051,2025-04-20,Smartwatch,Electronics,Mumbai,5,7000,35000
1052,2025-05-05,Smartwatch,Electronics,Pune,4,7000,28000
1053,2025-02-18,Keyboard,Accessories,Pune,1,800,800
1054,2025-08-05,Monitor,Electronics,Ahmedabad,4,12000,48000
1055,2025-12-11,Laptop,Electronics,Delhi,6,55000,330000
1056,2025-07-26,Laptop,Electronics,Hyderabad,6,55000,330000
1057,2025-05-08,Mobile,Electronics,Bangalore,2,20000,40000
1058,2025-03-13,Smartwatch,Electronics,Mumbai,4,7000,28000
1059,2025-08-25,Mouse,Accessories,Delhi,2,500,1000
1060,2025-10-09,Smartwatch,Electronics,Kolkata,1,7000,7000
1061,2025-02-17,Laptop,Electronics,Mumbai,2,55000,110000
1062,2025-09-06,Tablet,Electronics,Bangalore,4,30000,120000
1063,2025-01-31,Tablet,Electronics,Pune,2,30000,60000
1064,2025-07-19,Laptop,Electronics,Ahmedabad,3,55000,165000
1065,2025-08-05,Mouse,Accessories,Ahmedabad,6,500,3000
1066,2025-04-08,Headphones,Accessories,Bangalore,3,1500,4500
1067,2025-10-24,Laptop,Electronics,Kolkata,6,55000,330000
1068,2025-01-30,Monitor,Electronics,Ahmedabad,1,12000,12000
1069,2025-01-30,Headphones,Accessories,Delhi,5,1500,7500
1070,2025-02-05,Headphones,Accessories,Delhi,5,1500,7500
1071,2025-07-26,Keyboard,Accessories,Bangalore,1,800,800
1072,2025-11-14,Laptop,Electronics,Pune,1,55000,55000
1073,2025-05-14,Monitor,Electronics,Hyderabad,2,12000,24000
1074,2025-05-16,Keyboard,Accessories,Mumbai,4,800,3200
1075,2025-08-23,Mouse,Accessories,Delhi,3,500,1500
1076,2025-08-23,Laptop,Electronics,Delhi,5,55000,275000
1077,2025-10-03,Mobile,Electronics,Chennai,2,20000,40000
1078,2025-06-28,Headphones,Accessories,Bangalore,1,1500,1500
1079,2025-05-26,Monitor,Electronics,Ahmedabad,2,12000,24000
1080,2025-11-10,Mouse,Accessories,Kolkata,6,500,3000
1081,2025-12-06,Mouse,Accessories,Mumbai,1,500,500
1082,2025-03-01,Mouse,Accessories,Mumbai,1,500,500
1083,2025-05-25,Mouse,Accessories,Bangalore,5,500,2500
1084,2025-04-15,Monitor,Electronics,Chennai,6,12000,72000
1085,2025-05-09,Smartwatch,Electronics,Delhi,1,7000,7000
1086,2025-05-22,Tablet,Electronics,Kolkata,1,30000,30000
1087,2025-03-08,Monitor,Electronics,Chennai,6,12000,72000
1088,2025-08-15,Headphones,Accessories,Pune,5,1500,7500
1089,2025-02-27,Laptop,Electronics,Mumbai,1,55000,55000
1090,2025-07-09,Laptop,Electronics,Mumbai,5,55000,275000
1091,2025-03-07,Tablet,Electronics,Chennai,1,30000,30000
1092,2025-01-21,Monitor,Electronics,Bangalore,3,12000,36000
1093,2025-12-08,Keyboard,Accessories,Hyderabad,1,800,800
1094,2025-11-14,Tablet,Electronics,Mumbai,6,30000,180000
1095,2025-03-25,Keyboard,Accessories,Pune,2,800,1600
1096,2025-04-02,Laptop,Electronics,Hyderabad,6,55000,330000
1097,2025-12-09,Tablet,Electronics,Bangalore,6,30000,180000
1098,2025-03-23,Mouse,Accessories,Delhi,6,500,3000
1099,2025-01-20,Tablet,Electronics,Bangalore,4,30000,120000
1100,2025-08-24,Keyboard,Accessories,Chennai,3,800,2400
1101,2025-04-25,Keyboard,Accessories,Bangalore,1,800,800
1102,2025-06-18,Tablet,Electronics,Delhi,3,30000,90000
1103,2025-06-29,Mouse,Accessories,Pune,6,500,3000
1104,2025-01-15,Monitor,Electronics,Chennai,1,12000,12000
1105,2025-10-25,Headphones,Accessories,Kolkata,3,1500,4500
1106,2025-11-02,Mobile,Electronics,Hyderabad,4,20000,80000
1107,2025-08-12,Monitor,Electronics,Delhi,5,12000,60000
1108,2025-10-23,Tablet,Electronics,Chennai,2,30000,60000
1109,2025-12-29,Laptop,Electronics,Kolkata,4,55000,220000
1110,2025-07-06,Keyboard,Accessories,Delhi,4,800,3200
1111,2025-11-16,Monitor,Electronics,Delhi,3,12000,36000
1112,2025-09-17,Mouse,Accessories,Pune,3,500,1500
1113,2025-07-26,Monitor,Electronics,Chennai,6,12000,72000
1114,2025-04-09,Headphones,Accessories,Pune,4,1500,6000
1115,2025-11-12,Headphones,Accessories,Chennai,5,1500,7500
1116,2025-10-08,Tablet,Electronics,Chennai,1,30000,30000
1117,2025-04-18,Mouse,Accessories,Hyderabad,4,500,2000
1118,2025-08-15,Smartwatch,Electronics,Bangalore,4,7000,28000
1119,2025-03-28,Smartwatch,Electronics,Delhi,6,7000,42000
1120,2025-09-21,Mouse,Accessories,Hyderabad,6,500,3000
1121,2025-05-01,Mobile,Electronics,Chennai,6,20000,120000
1122,2025-04-12,Keyboard,Accessories,Kolkata,2,800,1600
1123,2025-05-06,Laptop,Electronics,Delhi,4,55000,220000
1124,2025-08-01,Smartwatch,Electronics,Bangalore,6,7000,42000
1125,2025-09-11,Tablet,Electronics,Bangalore,4,30000,120000
1126,2025-12-02,Headphones,Accessories,Kolkata,6,1500,9000
1127,2025-08-06,Mobile,Electronics,Mumbai,2,20000,40000
1128,2025-01-26,Smartwatch,Electronics,Bangalore,5,7000,35000
1129,2025-08-22,Mobile,Electronics,Ahmedabad,2,20000,40000
1130,2025-08-15,Monitor,Electronics,Pune,5,12000,60000
1131,2025-03-23,Smartwatch,Electronics,Ahmedabad,6,7000,42000
1132,2025-05-13,Smartwatch,Electronics,Chennai,2,7000,14000
1133,2025-11-17,Smartwatch,Electronics,Chennai,2,7000,14000
1134,2025-02-09,Smartwatch,Electronics,Chennai,6,7000,42000
1135,2025-05-20,Keyboard,Accessories,Hyderabad,3,800,2400
1136,2025-03-12,Mobile,Electronics,Bangalore,2,20000,40000
1137,2025-12-22,Tablet,Electronics,Bangalore,2,30000,60000
1138,2025-08-01,Mobile,Electronics,Hyderabad,4,20000,80000
1139,2025-08-01,Smartwatch,Electronics,Bangalore,1,7000,7000
1140,2025-07-19,Tablet,Electronics,Kolkata,5,30000,150000
1141,2025-09-02,Tablet,Electronics,Hyderabad,1,30000,30000
1142,2025-07-19,Mouse,Accessories,Bangalore,4,500,2000
1143,2025-04-23,Smartwatch,Electronics,Pune,3,7000,21000
1144,2025-01-15,Smartwatch,Electronics,Hyderabad,4,7000,28000
1145,2025-03-26,Tablet,Electronics,Mumbai,4,30000,120000
1146,2025-07-21,Laptop,Electronics,Kolkata,5,55000,275000
1147,2025-11-26,Mobile,Electronics,Mumbai,4,20000,80000
1148,2025-04-04,Smartwatch,Electronics,Chennai,1,7000,7000
1149,2025-06-17,Tablet,Electronics,Ahmedabad,2,30000,60000
1150,2025-06-22,Monitor,Electronics,Chennai,4,12000,48000
1151,2025-05-10,Tablet,Electronics,Ahmedabad,1,30000,30000
1152,2025-10-04,Laptop,Electronics,Hyderabad,1,55000,55000
1153,2025-11-29,Keyboard,Accessories,Kolkata,1,800,800
1154,2025-05-07,Laptop,Electronics,Kolkata,2,55000,110000
1155,2025-05-03,Headphones,Accessories,Ahmedabad,2,1500,3000
1156,2025-10-16,Mobile,Electronics,Ahmedabad,2,20000,40000
1157,2025-07-08,Mouse,Accessories,Delhi,2,500,1000
1158,2025-06-09,Headphones,Accessories,Kolkata,1,1500,1500
1159,2025-10-22,Mouse,Accessories,Pune,6,500,3000
1160,2025-04-12,Tablet,Electronics,Bangalore,1,30000,30000
1161,2025-12-23,Mobile,Electronics,Delhi,3,20000,60000
1162,2025-06-27,Laptop,Electronics,Pune,5,55000,275000
1163,2025-02-05,Monitor,Electronics,Hyderabad,5,12000,60000
1164,2025-08-04,Laptop,Electronics,Delhi,4,55000,220000
1165,2025-07-05,Tablet,Electronics,Ahmedabad,6,30000,180000
1166,2025-08-11,Headphones,Accessories,Chennai,2,1500,3000
1167,2025-08-27,Smartwatch,Electronics,Chennai,4,7000,28000
1168,2025-05-06,Monitor,Electronics,Chennai,1,12000,12000
1169,2025-05-05,Smartwatch,Electronics,Pune,4,7000,28000
1170,2025-01-15,Monitor,Electronics,Hyderabad,4,12000,48000
1171,2025-09-07,Headphones,Accessories,Hyderabad,2,1500,3000
1172,2025-06-24,Mouse,Accessories,Chennai,3,500,1500
1173,2025-09-22,Laptop,Electronics,Delhi,2,55000,110000
1174,2025-07-28,Keyboard,Accessories,Bangalore,4,800,3200
1175,2025-11-27,Smartwatch,Electronics,Ahmedabad,6,7000,42000
1176,2025-01-09,Smartwatch,Electronics,Chennai,1,7000,7000
1177,2025-07-27,Keyboard,Accessories,Bangalore,6,800,4800
1178,2025-12-06,Mouse,Accessories,Hyderabad,5,500,2500
1179,2025-10-11,Smartwatch,Electronics,Hyderabad,5,7000,35000
1180,2025-10-09,Tablet,Electronics,Hyderabad,3,30000,90000
1181,2025-05-19,Smartwatch,Electronics,Chennai,3,7000,21000
1182,2025-03-03,Keyboard,Accessories,Bangalore,6,800,4800
1183,2025-03-03,Monitor,Electronics,Mumbai,6,12000,72000
1184,2025-04-21,Keyboard,Accessories,Ahmedabad,6,800,4800
1185,2025-10-29,Mouse,Accessories,Chennai,5,500,2500
1186,2025-04-10,Mobile,Electronics,Bangalore,3,20000,60000
1187,2025-04-02,Monitor,Electronics,Kolkata,3,12000,36000
1188,2025-05-21,Headphones,Accessories,Kolkata,1,1500,1500
1189,2025-12-24,Mouse,Accessories,Ahmedabad,2,500,1000
1190,2025-01-07,Mobile,Electronics,Chennai,5,20000,100000
1191,2025-09-03,Smartwatch,Electronics,Hyderabad,4,7000,28000
1192,2025-01-27,Headphones,Accessories,Ahmedabad,3,1500,4500
1193,2025-02-03,Mobile,Electronics,Ahmedabad,4,20000,80000
1194,2025-10-23,Mobile,Electronics,Kolkata,6,20000,120000
1195,2025-03-18,Headphones,Accessories,Chennai,5,1500,7500
1196,2025-05-08,Mobile,Electronics,Pune,1,20000,20000
1197,2025-09-25,Keyboard,Accessories,Ahmedabad,4,800,3200
1198,2025-06-02,Smartwatch,Electronics,Pune,5,7000,35000
1199,2025-10-19,Mouse,Accessories,Kolkata,5,500,2500
1200,2025-04-17,Mobile,Electronics,Bangalore,6,20000,120000
1201,2025-12-05,Mouse,Accessories,Mumbai,1,500,500
1202,2025-03-30,Keyboard,Accessories,Delhi,5,800,4000
1203,2025-01-02,Headphones,Accessories,Ahmedabad,4,1500,6000
1204,2025-05-30,Smartwatch,Electronics,Bangalore,1,7000,7000
1205,2025-12-28,Mouse,Accessories,Ahmedabad,3,500,1500
1206,2025-12-18,Mobile,Electronics,Chennai,2,20000,40000
1207,2025-08-06,Keyboard,Accessories,Bangalore,1,800,800
1208,2025-05-17,Headphones,Accessories,Delhi,2,1500,3000
1209,2025-03-26,Laptop,Electronics,Chennai,3,55000,165000
1210,2025-03-05,Smartwatch,Electronics,Chennai,4,7000,28000
1211,2025-05-20,Tablet,Electronics,Ahmedabad,5,30000,150000
1212,2025-02-11,Smartwatch,Electronics,Kolkata,5,7000,35000
1213,2025-06-15,Tablet,Electronics,Chennai,5,30000,150000
1214,2025-02-16,Laptop,Electronics,Kolkata,2,55000,110000
1215,2025-10-23,Mouse,Accessories,Mumbai,1,500,500
1216,2025-09-23,Smartwatch,Electronics,Ahmedabad,6,7000,42000
1217,2025-04-03,Mouse,Accessories,Pune,5,500,2500
1218,2025-02-16,Smartwatch,Electronics,Hyderabad,4,7000,28000
1219,2025-06-20,Tablet,Electronics,Delhi,3,30000,90000
1220,2025-06-18,Headphones,Accessories,Ahmedabad,4,1500,6000
1221,2025-12-06,Mouse,Accessories,Kolkata,4,500,2000
1222,2025-02-15,Smartwatch,Electronics,Chennai,3,7000,21000
1223,2025-03-01,Monitor,Electronics,Kolkata,4,12000,48000
1224,2025-07-31,Smartwatch,Electronics,Bangalore,1,7000,7000
1225,2025-11-15,Monitor,Electronics,Ahmedabad,4,12000,48000
1226,2025-04-15,Laptop,Electronics,Mumbai,3,55000,165000
1227,2025-08-13,Mouse,Accessories,Ahmedabad,6,500,3000
1228,2025-01-15,Mobile,Electronics,Bangalore,6,20000,120000
1229,2025-06-09,Headphones,Accessories,Kolkata,5,1500,7500
1230,2025-02-17,Tablet,Electronics,Delhi,2,30000,60000
1231,2025-03-02,Smartwatch,Electronics,Mumbai,6,7000,42000
1232,2025-05-30,Smartwatch,Electronics,Chennai,5,7000,35000
1233,2025-09-05,Tablet,Electronics,Bangalore,4,30000,120000
1234,2025-10-10,Smartwatch,Electronics,Pune,2,7000,14000
1235,2025-11-03,Keyboard,Accessories,Mumbai,5,800,4000
1236,2025-05-22,Mobile,Electronics,Hyderabad,4,20000,80000
1237,2025-01-02,Mouse,Accessories,Chennai,3,500,1500
1238,2025-03-18,Smartwatch,Electronics,Ahmedabad,4,7000,28000
1239,2025-06-20,Monitor,Electronics,Pune,5,12000,60000
1240,2025-06-14,Smartwatch,Electronics,Bangalore,2,7000,14000
1241,2025-04-30,Tablet,Electronics,Kolkata,4,30000,120000
1242,2025-08-31,Monitor,Electronics,Pune,6,12000,72000
1243,2025-12-06,Tablet,Electronics,Mumbai,6,30000,180000
1244,2025-01-19,Smartwatch,Electronics,Hyderabad,2,7000,14000
1245,2025-08-14,Mobile,Electronics,Ahmedabad,1,20000,20000
1246,2025-03-15,Laptop,Electronics,Mumbai,4,55000,220000
1247,2025-08-29,Mobile,Electronics,Hyderabad,3,20000,60000
1248,2025-11-29,Tablet,Electronics,Hyderabad,1,30000,30000
1249,2025-06-12,Tablet,Electronics,Ahmedabad,6,30000,180000
1250,2025-11-13,Laptop,Electronics,Bangalore,1,55000,55000
1251,2025-04-27,Mouse,Accessories,Delhi,6,500,3000
1252,2025-02-20,Tablet,Electronics,Delhi,6,30000,180000
1253,2025-03-27,Smartwatch,Electronics,Chennai,6,7000,42000
1254,2025-01-24,Laptop,Electronics,Kolkata,3,55000,165000
1255,2025-07-03,Mouse,Accessories,Pune,3,500,1500
1256,2025-05-06,Headphones,Accessories,Pune,5,1500,7500
1257,2025-03-29,Headphones,Accessories,Delhi,2,1500,3000
1258,2025-11-14,Tablet,Electronics,Bangalore,6,30000,180000
1259,2025-10-26,Smartwatch,Electronics,Bangalore,2,7000,14000
1260,2025-11-23,Smartwatch,Electronics,Ahmedabad,3,7000,21000
1261,2025-12-08,Mouse,Accessories,Ahmedabad,1,500,500
1262,2025-12-13,Mouse,Accessories,Mumbai,5,500,2500
1263,2025-08-15,Mobile,Electronics,Chennai,3,20000,60000
1264,2025-12-20,Tablet,Electronics,Ahmedabad,3,30000,90000
1265,2025-04-12,Mouse,Accessories,Ahmedabad,4,500,2000
1266,2025-05-02,Mobile,Electronics,Hyderabad,4,20000,80000
1267,2025-12-25,Mouse,Accessories,Kolkata,3,500,1500
1268,2025-05-21,Tablet,Electronics,Kolkata,1,30000,30000
1269,2025-05-27,Smartwatch,Electronics,Hyderabad,2,7000,14000
1270,2025-11-22,Keyboard,Accessories,Chennai,2,800,1600
1271,2025-11-18,Headphones,Accessories,Kolkata,1,1500,1500
1272,2025-08-14,Mouse,Accessories,Hyderabad,1,500,500
1273,2025-02-16,Headphones,Accessories,Hyderabad,3,1500,4500
1274,2025-03-31,Tablet,Electronics,Mumbai,2,30000,60000
1275,2025-09-29,Monitor,Electronics,Chennai,5,12000,60000
1276,2025-05-12,Headphones,Accessories,Chennai,4,1500,6000
1277,2025-02-28,Monitor,Electronics,Delhi,4,12000,48000
1278,2025-04-26,Headphones,Accessories,Pune,6,1500,9000
1279,2025-02-16,Monitor,Electronics,Kolkata,4,12000,48000
1280,2025-10-02,Mouse,Accessories,Ahmedabad,1,500,500
1281,2025-12-11,Monitor,Electronics,Chennai,6,12000,72000
1282,2025-11-23,Tablet,Electronics,Delhi,3,30000,90000
1283,2025-08-30,Keyboard,Accessories,Hyderabad,1,800,800
1284,2025-11-28,Keyboard,Accessories,Ahmedabad,1,800,800
1285,2025-11-29,Mouse,Accessories,Delhi,4,500,2000
1286,2025-01-24,Headphones,Accessories,Chennai,1,1500,1500
1287,2025-03-01,Smartwatch,Electronics,Bangalore,1,7000,7000
1288,2025-07-18,Headphones,Accessories,Hyderabad,4,1500,6000
1289,2025-10-28,Tablet,Electronics,Mumbai,6,30000,180000
1290,2025-12-02,Tablet,Electronics,Ahmedabad,1,30000,30000
1291,2025-05-24,Tablet,Electronics,Hyderabad,1,30000,30000
1292,2025-08-16,Keyboard,Accessories,Bangalore,4,800,3200
1293,2025-02-20,Monitor,Electronics,Hyderabad,6,12000,72000
1294,2025-02-01,Monitor,Electronics,Chennai,4,12000,48000
1295,2025-03-04,Keyboard,Accessories,Delhi,4,800,3200
1296,2025-11-25,Keyboard,Accessories,Kolkata,6,800,4800
1297,2025-06-20,Laptop,Electronics,Mumbai,2,55000,110000
1298,2025-02-05,Keyboard,Accessories,Bangalore,5,800,4000
1299,2025-04-30,Keyboard,Accessories,Mumbai,3,800,2400
1300,2025-05-22,Laptop,Electronics,Mumbai,2,55000,110000
1301,2025-03-31,Mouse,Accessories,Kolkata,1,500,500
1302,2025-01-08,Headphones,Accessories,Bangalore,3,1500,4500
1303,2025-01-09,Monitor,Electronics,Chennai,2,12000,24000
1304,2025-03-06,Laptop,Electronics,Pune,6,55000,330000
1305,2025-02-02,Mobile,Electronics,Ahmedabad,4,20000,80000
1306,2025-09-20,Monitor,Electronics,Delhi,5,12000,60000
1307,2025-09-15,Smartwatch,Electronics,Kolkata,2,7000,14000
1308,2025-08-23,Mouse,Accessories,Kolkata,6,500,3000
1309,2025-09-03,Laptop,Electronics,Pune,4,55000,220000
1310,2025-09-09,Mobile,Electronics,Ahmedabad,6,20000,120000
1311,2025-02-11,Mobile,Electronics,Mumbai,3,20000,60000
1312,2025-03-06,Mobile,Electronics,Hyderabad,3,20000,60000
1313,2025-11-02,Tablet,Electronics,Chennai,5,30000,150000
1314,2025-09-16,Smartwatch,Electronics,Pune,5,7000,35000
1315,2025-12-26,Mobile,Electronics,Bangalore,1,20000,20000
1316,2025-08-20,Tablet,Electronics,Pune,2,30000,60000
1317,2025-08-21,Monitor,Electronics,Pune,4,12000,48000
1318,2025-06-10,Mobile,Electronics,Hyderabad,4,20000,80000
1319,2025-07-11,Mouse,Accessories,Ahmedabad,2,500,1000
1320,2025-02-16,Mobile,Electronics,Delhi,1,20000,20000
1321,2025-02-19,Tablet,Electronics,Hyderabad,6,30000,180000
1322,2025-10-12,Headphones,Accessories,Hyderabad,1,1500,1500
1323,2025-07-30,Mobile,Electronics,Pune,3,20000,60000
1324,2025-05-28,Laptop,Electronics,Chennai,5,55000,275000
1325,2025-02-23,Monitor,Electronics,Bangalore,5,12000,60000
1326,2025-12-03,Headphones,Accessories,Bangalore,4,1500,6000
1327,2025-06-29,Mobile,Electronics,Hyderabad,5,20000,100000
1328,2025-05-23,Mobile,Electronics,Bangalore,5,20000,100000
1329,2025-10-15,Tablet,Electronics,Kolkata,5,30000,150000
1330,2025-01-15,Mouse,Accessories,Chennai,2,500,1000
1331,2025-06-23,Mouse,Accessories,Kolkata,3,500,1500
1332,2025-03-15,Headphones,Accessories,Pune,5,1500,7500
1333,2025-03-14,Mobile,Electronics,Kolkata,6,20000,120000
1334,2025-09-29,Mobile,Electronics,Pune,2,20000,40000
1335,2025-08-21,Tablet,Electronics,Mumbai,3,30000,90000
1336,2025-06-09,Monitor,Electronics,Hyderabad,6,12000,72000
1337,2025-01-27,Mobile,Electronics,Mumbai,2,20000,40000
1338,2025-12-12,Laptop,Electronics,Chennai,1,55000,55000
1339,2025-12-05,Smartwatch,Electronics,Ahmedabad,4,7000,28000
1340,2025-08-01,Smartwatch,Electronics,Bangalore,3,7000,21000
1341,2025-06-26,Mobile,Electronics,Delhi,4,20000,80000
1342,2025-12-14,Mouse,Accessories,Ahmedabad,6,500,3000
1343,2025-01-24,Mouse,Accessories,Pune,2,500,1000
1344,2025-01-04,Laptop,Electronics,Chennai,2,55000,110000
1345,2025-03-12,Keyboard,Accessories,Chennai,3,800,2400
1346,2025-03-03,Monitor,Electronics,Ahmedabad,1,12000,12000
1347,2025-03-31,Tablet,Electronics,Pune,2,30000,60000
1348,2025-09-14,Keyboard,Accessories,Hyderabad,5,800,4000
1349,2025-07-23,Mobile,Electronics,Kolkata,6,20000,120000
1350,2025-01-10,Tablet,Electronics,Delhi,4,30000,120000
1351,2025-10-22,Monitor,Electronics,Pune,4,12000,48000
1352,2025-05-29,Tablet,Electronics,Pune,1,30000,30000
1353,2025-06-16,Laptop,Electronics,Ahmedabad,2,55000,110000
1354,2025-02-15,Monitor,Electronics,Delhi,4,12000,48000
1355,2025-08-12,Keyboard,Accessories,Pune,5,800,4000
1356,2025-07-22,Mobile,Electronics,Hyderabad,3,20000,60000
1357,2025-06-20,Keyboard,Accessories,Delhi,2,800,1600
1358,2025-09-29,Mobile,Electronics,Bangalore,5,20000,100000
1359,2025-06-29,Monitor,Electronics,Mumbai,6,12000,72000
1360,2025-02-22,Keyboard,Accessories,Chennai,2,800,1600
1361,2025-03-30,Keyboard,Accessories,Mumbai,5,800,4000
1362,2025-04-01,Mobile,Electronics,Ahmedabad,6,20000,120000
1363,2025-10-16,Smartwatch,Electronics,Ahmedabad,5,7000,35000
1364,2025-11-18,Monitor,Electronics,Mumbai,3,12000,36000
1365,2025-02-04,Smartwatch,Electronics,Ahmedabad,4,7000,28000
1366,2025-05-21,Mouse,Accessories,Kolkata,5,500,2500
1367,2025-09-17,Monitor,Electronics,Chennai,1,12000,12000
1368,2025-08-20,Smartwatch,Electronics,Kolkata,1,7000,7000
1369,2025-05-27,Monitor,Electronics,Delhi,1,12000,12000
1370,2025-08-25,Tablet,Electronics,Kolkata,5,30000,150000
1371,2025-10-20,Smartwatch,Electronics,Bangalore,6,7000,42000
1372,2025-11-06,Monitor,Electronics,Mumbai,4,12000,48000
1373,2025-08-19,Laptop,Electronics,Hyderabad,1,55000,55000
1374,2025-09-16,Mobile,Electronics,Mumbai,6,20000,120000
1375,2025-05-07,Laptop,Electronics,Ahmedabad,6,55000,330000
1376,2025-09-26,Smartwatch,Electronics,Mumbai,5,7000,35000
1377,2025-07-10,Monitor,Electronics,Pune,3,12000,36000
1378,2025-06-23,Tablet,Electronics,Kolkata,6,30000,180000
1379,2025-02-03,Monitor,Electronics,Delhi,3,12000,36000
1380,2025-05-26,Tablet,Electronics,Mumbai,3,30000,90000
1381,2025-02-11,Monitor,Electronics,Mumbai,5,12000,60000
1382,2025-06-08,Monitor,Electronics,Pune,6,12000,72000
1383,2025-11-01,Headphones,Accessories,Delhi,6,1500,9000
1384,2025-10-14,Mouse,Accessories,Hyderabad,4,500,2000
1385,2025-12-10,Headphones,Accessories,Delhi,6,1500,9000
1386,2025-09-18,Tablet,Electronics,Kolkata,3,30000,90000
1387,2025-06-08,Monitor,Electronics,Bangalore,2,12000,24000
1388,2025-09-06,Monitor,Electronics,Bangalore,2,12000,24000
1389,2025-03-21,Headphones,Accessories,Chennai,1,1500,1500
1390,2025-09-17,Mobile,Electronics,Kolkata,5,20000,100000
1391,2025-11-13,Monitor,Electronics,Pune,2,12000,24000
1392,2025-03-25,Headphones,Accessories,Mumbai,2,1500,3000
1393,2025-01-23,Smartwatch,Electronics,Hyderabad,4,7000,28000
1394,2025-08-16,Keyboard,Accessories,Chennai,5,800,4000
1395,2025-04-30,Smartwatch,Electronics,Bangalore,5,7000,35000
1396,2025-08-29,Mouse,Accessories,Hyderabad,2,500,1000
1397,2025-08-25,Smartwatch,Electronics,Pune,3,7000,21000
1398,2025-03-24,Tablet,Electronics,Mumbai,2,30000,60000
1399,2025-01-27,Mouse,Accessories,Ahmedabad,6,500,3000
1400,2025-10-11,Monitor,Electronics,Delhi,1,12000,12000
1401,2025-02-12,Mouse,Accessories,Chennai,2,500,1000
1402,2025-09-20,Smartwatch,Electronics,Pune,2,7000,14000
1403,2025-04-24,Mobile,Electronics,Hyderabad,4,20000,80000
1404,2025-08-01,Laptop,Electronics,Pune,1,55000,55000
1405,2025-05-01,Monitor,Electronics,Delhi,4,12000,48000
1406,2025-04-25,Monitor,Electronics,Hyderabad,1,12000,12000
1407,2025-11-29,Mobile,Electronics,Mumbai,3,20000,60000
1408,2025-01-20,Headphones,Accessories,Ahmedabad,3,1500,4500
1409,2025-12-28,Headphones,Accessories,Ahmedabad,4,1500,6000
1410,2025-02-10,Laptop,Electronics,Chennai,1,55000,55000
1411,2025-03-18,Keyboard,Accessories,Pune,5,800,4000
1412,2025-05-28,Mobile,Electronics,Chennai,2,20000,40000
1413,2025-01-25,Mobile,Electronics,Pune,2,20000,40000
1414,2025-02-02,Smartwatch,Electronics,Ahmedabad,1,7000,7000
1415,2025-11-20,Laptop,Electronics,Bangalore,5,55000,275000
1416,2025-05-30,Headphones,Accessories,Kolkata,4,1500,6000
1417,2025-05-04,Monitor,Electronics,Pune,5,12000,60000
1418,2025-12-07,Headphones,Accessories,Delhi,6,1500,9000
1419,2025-02-04,Monitor,Electronics,Kolkata,5,12000,60000
1420,2025-08-29,Tablet,Electronics,Pune,1,30000,30000
1421,2025-05-10,Monitor,Electronics,Kolkata,6,12000,72000
1422,2025-02-04,Monitor,Electronics,Bangalore,3,12000,36000
1423,2025-10-25,Mobile,Electronics,Hyderabad,6,20000,120000
1424,2025-01-23,Headphones,Accessories,Hyderabad,3,1500,4500
1425,2025-12-17,Headphones,Accessories,Ahmedabad,4,1500,6000
1426,2025-03-11,Headphones,Accessories,Ahmedabad,1,1500,1500
1427,2025-05-31,Laptop,Electronics,Kolkata,2,55000,110000
1428,2025-01-22,Keyboard,Accessories,Chennai,3,800,2400
1429,2025-10-06,Tablet,Electronics,Chennai,4,30000,120000
1430,2025-11-28,Laptop,Electronics,Chennai,2,55000,110000
1431,2025-01-25,Monitor,Electronics,Hyderabad,6,12000,72000
1432,2025-03-05,Mouse,Accessories,Pune,3,500,1500
1433,2025-08-14,Tablet,Electronics,Hyderabad,4,30000,120000
1434,2025-09-12,Headphones,Accessories,Ahmedabad,6,1500,9000
1435,2025-09-23,Monitor,Electronics,Delhi,3,12000,36000
1436,2025-02-10,Tablet,Electronics,Mumbai,4,30000,120000
1437,2025-06-14,Mouse,Accessories,Delhi,1,500,500
1438,2025-12-05,Monitor,Electronics,Chennai,3,12000,36000
1439,2025-11-05,Smartwatch,Electronics,Pune,6,7000,42000
1440,2025-12-20,Headphones,Accessories,Hyderabad,4,1500,6000
1441,2025-01-22,Smartwatch,Electronics,Hyderabad,6,7000,42000
1442,2025-05-21,Tablet,Electronics,Kolkata,6,30000,180000
1443,2025-12-10,Mobile,Electronics,Pune,6,20000,120000
1444,2025-09-20,Monitor,Electronics,Mumbai,6,12000,72000
1445,2025-03-15,Laptop,Electronics,Ahmedabad,5,55000,275000
1446,2025-03-06,Laptop,Electronics,Bangalore,1,55000,55000
1447,2025-07-05,Monitor,Electronics,Kolkata,4,12000,48000
1448,2025-12-14,Headphones,Accessories,Hyderabad,4,1500,6000
1449,2025-08-16,Monitor,Electronics,Mumbai,1,12000,12000
1450,2025-07-23,Monitor,Electronics,Chennai,3,12000,36000
1451,2025-02-28,Keyboard,Accessories,Mumbai,1,800,800
1452,2025-09-23,Smartwatch,Electronics,Delhi,4,7000,28000
1453,2025-05-14,Mouse,Accessories,Ahmedabad,6,500,3000
1454,2025-11-10,Keyboard,Accessories,Ahmedabad,3,800,2400
1455,2025-03-04,Keyboard,Accessories,Delhi,2,800,1600
1456,2025-03-30,Smartwatch,Electronics,Ahmedabad,6,7000,42000
1457,2025-12-16,Mobile,Electronics,Hyderabad,3,20000,60000
1458,2025-10-09,Mobile,Electronics,Chennai,5,20000,100000
1459,2025-03-22,Mouse,Accessories,Mumbai,6,500,3000
1460,2025-09-18,Monitor,Electronics,Delhi,2,12000,24000
1461,2025-03-13,Keyboard,Accessories,Ahmedabad,2,800,1600
1462,2025-07-04,Laptop,Electronics,Hyderabad,5,55000,275000
1463,2025-10-10,Smartwatch,Electronics,Delhi,2,7000,14000
1464,2025-06-08,Mobile,Electronics,Ahmedabad,4,20000,80000
1465,2025-07-29,Tablet,Electronics,Delhi,5,30000,150000
1466,2025-06-12,Headphones,Accessories,Delhi,6,1500,9000
1467,2025-08-27,Smartwatch,Electronics,Hyderabad,6,7000,42000
1468,2025-10-10,Headphones,Accessories,Mumbai,6,1500,9000
1469,2025-08-10,Headphones,Accessories,Kolkata,5,1500,7500
1470,2025-09-23,Mobile,Electronics,Chennai,2,20000,40000
1471,2025-03-24,Headphones,Accessories,Bangalore,3,1500,4500
1472,2025-09-23,Monitor,Electronics,Delhi,3,12000,36000
1473,2025-04-11,Mouse,Accessories,Chennai,6,500,3000
1474,2025-11-17,Headphones,Accessories,Delhi,3,1500,4500
1475,2025-10-31,Headphones,Accessories,Mumbai,5,1500,7500
1476,2025-12-04,Headphones,Accessories,Hyderabad,5,1500,7500
1477,2025-01-15,Laptop,Electronics,Kolkata,1,55000,55000
1478,2025-11-30,Mouse,Accessories,Pune,2,500,1000
1479,2025-09-12,Laptop,Electronics,Chennai,6,55000,330000
1480,2025-09-05,Mouse,Accessories,Pune,2,500,1000
1481,2025-08-21,Mouse,Accessories,Kolkata,1,500,500
1482,2025-08-14,Headphones,Accessories,Ahmedabad,4,1500,6000
1483,2025-04-15,Smartwatch,Electronics,Mumbai,3,7000,21000
1484,2025-06-13,Monitor,Electronics,Hyderabad,6,12000,72000
1485,2025-03-08,Tablet,Electronics,Delhi,3,30000,90000
1486,2025-05-04,Monitor,Electronics,Delhi,4,12000,48000
1487,2025-08-19,Mouse,Accessories,Mumbai,2,500,1000
1488,2025-01-26,Mobile,Electronics,Pune,3,20000,60000
1489,2025-05-08,Tablet,Electronics,Hyderabad,2,30000,60000
1490,2025-04-08,Monitor,Electronics,Ahmedabad,2,12000,24000
1491,2025-09-13,Smartwatch,Electronics,Ahmedabad,3,7000,21000
1492,2025-02-16,Laptop,Electronics,Ahmedabad,4,55000,220000
1493,2025-04-21,Keyboard,Accessories,Hyderabad,5,800,4000
1494,2025-01-26,Laptop,Electronics,Ahmedabad,3,55000,165000
1495,2025-05-27,Smartwatch,Electronics,Kolkata,5,7000,35000
1496,2025-08-09,Mobile,Electronics,Chennai,2,20000,40000
1497,2025-07-26,Monitor,Electronics,Kolkata,3,12000,36000
1498,2025-01-27,Tablet,Electronics,Bangalore,5,30000,150000
1499,2025-10-11,Monitor,Electronics,Delhi,3,12000,36000
1500,2025-09-16,Tablet,Electronics,Chennai,4,30000,120000
1501,2025-03-07,Mobile,Electronics,Pune,1,20000,20000
1502,2025-06-23,Monitor,Electronics,Hyderabad,5,12000,60000
1503,2025-04-12,Headphones,Accessories,Pune,5,1500,7500
1504,2025-01-24,Laptop,Electronics,Mumbai,1,55000,55000
1505,2025-08-31,Monitor,Electronics,Ahmedabad,5,12000,60000
1506,2025-11-07,Headphones,Accessories,Mumbai,5,1500,7500
1507,2025-11-10,Monitor,Electronics,Mumbai,3,12000,36000
1508,2025-11-12,Tablet,Electronics,Chennai,6,30000,180000
1509,2025-09-17,Monitor,Electronics,Ahmedabad,5,12000,60000
1510,2025-09-01,Mouse,Accessories,Hyderabad,1,500,500
1511,2025-12-11,Monitor,Electronics,Pune,1,12000,12000
1512,2025-12-19,Mouse,Accessories,Kolkata,6,500,3000
1513,2025-05-16,Smartwatch,Electronics,Bangalore,6,7000,42000
1514,2025-10-26,Laptop,Electronics,Mumbai,4,55000,220000
1515,2025-03-17,Tablet,Electronics,Bangalore,6,30000,180000
1516,2025-10-21,Laptop,Electronics,Delhi,6,55000,330000
1517,2025-01-10,Keyboard,Accessories,Hyderabad,4,800,3200
1518,2025-03-19,Tablet,Electronics,Bangalore,4,30000,120000
1519,2025-09-14,Tablet,Electronics,Ahmedabad,5,30000,150000
1520,2025-12-28,Laptop,Electronics,Bangalore,2,55000,110000
1521,2025-12-06,Monitor,Electronics,Pune,4,12000,48000
1522,2025-03-30,Monitor,Electronics,Hyderabad,4,12000,48000
1523,2025-12-13,Monitor,Electronics,Chennai,6,12000,72000
1524,2025-04-09,Smartwatch,Electronics,Chennai,2,7000,14000
1525,2025-04-26,Mouse,Accessories,Chennai,3,500,1500
1526,2025-12-20,Keyboard,Accessories,Ahmedabad,6,800,4800
1527,2025-09-03,Monitor,Electronics,Chennai,3,12000,36000
1528,2025-03-04,Mouse,Accessories,Pune,5,500,2500
1529,2025-06-26,Tablet,Electronics,Chennai,2,30000,60000
1530,2025-05-28,Laptop,Electronics,Delhi,6,55000,330000
1531,2025-08-15,Monitor,Electronics,Chennai,6,12000,72000
1532,2025-04-20,Smartwatch,Electronics,Chennai,2,7000,14000
1533,2025-03-12,Mouse,Accessories,Bangalore,1,500,500
1534,2025-01-26,Keyboard,Accessories,Bangalore,6,800,4800
1535,2025-01-27,Keyboard,Accessories,Pune,1,800,800
1536,2025-08-30,Monitor,Electronics,Mumbai,1,12000,12000
1537,2025-10-09,Laptop,Electronics,Pune,2,55000,110000
1538,2025-09-02,Smartwatch,Electronics,Bangalore,6,7000,42000
1539,2025-06-14,Mouse,Accessories,Kolkata,3,500,1500
1540,2025-11-30,Mobile,Electronics,Bangalore,5,20000,100000
1541,2025-03-31,Laptop,Electronics,Mumbai,4,55000,220000
1542,2025-07-23,Laptop,Electronics,Mumbai,4,55000,220000
1543,2025-01-20,Mouse,Accessories,Chennai,1,500,500
1544,2025-06-21,Mobile,Electronics,Ahmedabad,3,20000,60000
1545,2025-03-10,Smartwatch,Electronics,Ahmedabad,5,7000,35000
1546,2025-04-09,Mouse,Accessories,Hyderabad,1,500,500
1547,2025-08-23,Headphones,Accessories,Chennai,6,1500,9000
1548,2025-01-08,Headphones,Accessories,Hyderabad,6,1500,9000
1549,2025-10-18,Mouse,Accessories,Bangalore,6,500,3000
1550,2025-11-09,Headphones,Accessories,Pune,6,1500,9000
1551,2025-09-21,Tablet,Electronics,Delhi,3,30000,90000
1552,2025-12-09,Tablet,Electronics,Mumbai,1,30000,30000
1553,2025-09-02,Headphones,Accessories,Bangalore,3,1500,4500
1554,2025-05-14,Laptop,Electronics,Bangalore,4,55000,220000
1555,2025-05-17,Smartwatch,Electronics,Chennai,3,7000,21000
1556,2025-05-14,Laptop,Electronics,Hyderabad,6,55000,330000
1557,2025-02-01,Keyboard,Accessories,Delhi,6,800,4800
1558,2025-06-07,Smartwatch,Electronics,Pune,2,7000,14000
1559,2025-12-20,Mouse,Accessories,Chennai,1,500,500
1560,2025-11-11,Monitor,Electronics,Bangalore,2,12000,24000
1561,2025-09-02,Headphones,Accessories,Ahmedabad,2,1500,3000
1562,2025-08-01,Monitor,Electronics,Ahmedabad,6,12000,72000
1563,2025-05-07,Keyboard,Accessories,Delhi,6,800,4800
1564,2025-09-28,Smartwatch,Electronics,Hyderabad,6,7000,42000
1565,2025-10-16,Mobile,Electronics,Kolkata,1,20000,20000
1566,2025-10-21,Keyboard,Accessories,Mumbai,5,800,4000
1567,2025-06-17,Headphones,Accessories,Ahmedabad,5,1500,7500
1568,2025-12-15,Mobile,Electronics,Ahmedabad,2,20000,40000
1569,2025-09-19,Mobile,Electronics,Kolkata,4,20000,80000
1570,2025-03-09,Smartwatch,Electronics,Pune,5,7000,35000
1571,2025-10-16,Smartwatch,Electronics,Ahmedabad,1,7000,7000
1572,2025-01-12,Mouse,Accessories,Chennai,4,500,2000
1573,2025-04-22,Laptop,Electronics,Delhi,5,55000,275000
1574,2025-08-05,Laptop,Electronics,Delhi,3,55000,165000
1575,2025-02-05,Laptop,Electronics,Kolkata,4,55000,220000
1576,2025-07-29,Mouse,Accessories,Mumbai,2,500,1000
1577,2025-07-11,Tablet,Electronics,Ahmedabad,4,30000,120000
1578,2025-07-12,Tablet,Electronics,Mumbai,1,30000,30000
1579,2025-03-02,Monitor,Electronics,Pune,2,12000,24000
1580,2025-04-25,Headphones,Accessories,Kolkata,1,1500,1500
1581,2025-08-26,Mouse,Accessories,Pune,6,500,3000
1582,2025-04-28,Tablet,Electronics,Ahmedabad,2,30000,60000
1583,2025-03-21,Monitor,Electronics,Bangalore,3,12000,36000
1584,2025-01-17,Mobile,Electronics,Pune,6,20000,120000
1585,2025-05-04,Laptop,Electronics,Delhi,2,55000,110000
1586,2025-11-01,Mobile,Electronics,Ahmedabad,1,20000,20000
1587,2025-05-06,Laptop,Electronics,Kolkata,6,55000,330000
1588,2025-08-13,Tablet,Electronics,Bangalore,2,30000,60000
1589,2025-03-13,Laptop,Electronics,Chennai,5,55000,275000
1590,2025-10-22,Keyboard,Accessories,Hyderabad,3,800,2400
1591,2025-06-04,Keyboard,Accessories,Bangalore,2,800,1600
1592,2025-06-03,Tablet,Electronics,Kolkata,3,30000,90000
1593,2025-11-17,Headphones,Accessories,Pune,6,1500,9000
1594,2025-01-25,Smartwatch,Electronics,Pune,3,7000,21000
1595,2025-12-23,Monitor,Electronics,Pune,4,12000,48000
1596,2025-06-03,Headphones,Accessories,Mumbai,4,1500,6000
1597,2025-05-04,Smartwatch,Electronics,Chennai,2,7000,14000
1598,2025-08-26,Headphones,Accessories,Pune,1,1500,1500
1599,2025-10-13,Tablet,Electronics,Mumbai,5,30000,150000
1600,2025-05-05,Tablet,Electronics,Bangalore,3,30000,90000
1601,2025-11-28,Monitor,Electronics,Ahmedabad,1,12000,12000
1602,2025-02-17,Monitor,Electronics,Bangalore,5,12000,60000
1603,2025-05-18,Laptop,Electronics,Kolkata,4,55000,220000
1604,2025-04-07,Mobile,Electronics,Bangalore,5,20000,100000
1605,2025-04-17,Smartwatch,Electronics,Chennai,3,7000,21000
1606,2025-04-19,Laptop,Electronics,Delhi,2,55000,110000
1607,2025-05-05,Smartwatch,Electronics,Bangalore,6,7000,42000
1608,2025-05-03,Tablet,Electronics,Hyderabad,5,30000,150000
1609,2025-07-14,Mouse,Accessories,Hyderabad,4,500,2000
1610,2025-05-14,Mouse,Accessories,Ahmedabad,3,500,1500
1611,2025-02-20,Smartwatch,Electronics,Ahmedabad,6,7000,42000
1612,2025-04-15,Monitor,Electronics,Hyderabad,3,12000,36000
1613,2025-01-24,Tablet,Electronics,Bangalore,5,30000,150000
1614,2025-01-09,Headphones,Accessories,Pune,3,1500,4500
1615,2025-03-20,Mouse,Accessories,Hyderabad,2,500,1000
1616,2025-07-14,Keyboard,Accessories,Bangalore,5,800,4000
1617,2025-10-09,Smartwatch,Electronics,Hyderabad,6,7000,42000
1618,2025-09-08,Mouse,Accessories,Ahmedabad,6,500,3000
1619,2025-03-28,Smartwatch,Electronics,Hyderabad,6,7000,42000
1620,2025-03-13,Headphones,Accessories,Ahmedabad,6,1500,9000
1621,2025-10-05,Headphones,Accessories,Kolkata,6,1500,9000
1622,2025-02-08,Laptop,Electronics,Kolkata,6,55000,330000
1623,2025-07-31,Laptop,Electronics,Bangalore,2,55000,110000
1624,2025-12-29,Mobile,Electronics,Kolkata,2,20000,40000
1625,2025-09-16,Keyboard,Accessories,Hyderabad,4,800,3200
1626,2025-11-13,Laptop,Electronics,Ahmedabad,6,55000,330000
1627,2025-01-09,Smartwatch,Electronics,Pune,1,7000,7000
1628,2025-01-09,Laptop,Electronics,Chennai,5,55000,275000
1629,2025-01-09,Mouse,Accessories,Pune,5,500,2500
1630,2025-02-24,Headphones,Accessories,Mumbai,1,1500,1500
1631,2025-04-09,Keyboard,Accessories,Chennai,5,800,4000
1632,2025-05-17,Monitor,Electronics,Delhi,4,12000,48000
1633,2025-07-27,Monitor,Electronics,Bangalore,4,12000,48000
1634,2025-06-03,Keyboard,Accessories,Delhi,6,800,4800
1635,2025-02-17,Laptop,Electronics,Pune,4,55000,220000
1636,2025-10-10,Tablet,Electronics,Kolkata,4,30000,120000
1637,2025-12-26,Laptop,Electronics,Delhi,2,55000,110000
1638,2025-08-11,Smartwatch,Electronics,Hyderabad,6,7000,42000
1639,2025-09-28,Mobile,Electronics,Bangalore,1,20000,20000
1640,2025-12-21,Keyboard,Accessories,Ahmedabad,5,800,4000
1641,2025-01-24,Mouse,Accessories,Chennai,1,500,500
1642,2025-04-02,Laptop,Electronics,Kolkata,3,55000,165000
1643,2025-10-28,Keyboard,Accessories,Pune,2,800,1600
1644,2025-06-03,Mobile,Electronics,Bangalore,2,20000,40000
1645,2025-12-13,Tablet,Electronics,Hyderabad,5,30000,150000
1646,2025-03-13,Tablet,Electronics,Delhi,6,30000,180000
1647,2025-01-28,Monitor,Electronics,Pune,1,12000,12000
1648,2025-02-08,Keyboard,Accessories,Pune,3,800,2400
1649,2025-01-16,Monitor,Electronics,Chennai,6,12000,72000
1650,2025-09-09,Smartwatch,Electronics,Hyderabad,2,7000,14000
1651,2025-08-10,Tablet,Electronics,Pune,2,30000,60000
1652,2025-11-13,Mobile,Electronics,Bangalore,3,20000,60000
1653,2025-02-12,Mobile,Electronics,Mumbai,3,20000,60000
1654,2025-12-31,Tablet,Electronics,Mumbai,6,30000,180000
1655,2025-06-12,Tablet,Electronics,Delhi,3,30000,90000
1656,2025-01-03,Mobile,Electronics,Ahmedabad,3,20000,60000
1657,2025-05-19,Monitor,Electronics,Mumbai,1,12000,12000
1658,2025-04-06,Mobile,Electronics,Ahmedabad,4,20000,80000
1659,2025-02-22,Tablet,Electronics,Delhi,1,30000,30000
1660,2025-10-11,Monitor,Electronics,Hyderabad,1,12000,12000
1661,2025-01-07,Tablet,Electronics,Pune,3,30000,90000
1662,2025-02-13,Tablet,Electronics,Bangalore,6,30000,180000
1663,2025-12-17,Headphones,Accessories,Mumbai,4,1500,6000
1664,2025-05-18,Headphones,Accessories,Chennai,3,1500,4500
1665,2025-03-16,Smartwatch,Electronics,Mumbai,1,7000,7000
1666,2025-05-22,Tablet,Electronics,Chennai,4,30000,120000
1667,2025-02-09,Smartwatch,Electronics,Chennai,3,7000,21000
1668,2025-11-17,Keyboard,Accessories,Bangalore,4,800,3200
1669,2025-02-24,Smartwatch,Electronics,Chennai,2,7000,14000
1670,2025-07-22,Laptop,Electronics,Pune,3,55000,165000
1671,2025-08-14,Monitor,Electronics,Pune,3,12000,36000
1672,2025-06-03,Headphones,Accessories,Bangalore,3,1500,4500
1673,2025-06-10,Smartwatch,Electronics,Pune,2,7000,14000
1674,2025-05-30,Monitor,Electronics,Ahmedabad,6,12000,72000
1675,2025-06-16,Keyboard,Accessories,Chennai,4,800,3200
1676,2025-07-06,Tablet,Electronics,Bangalore,1,30000,30000
1677,2025-12-16,Headphones,Accessories,Kolkata,5,1500,7500
1678,2025-12-29,Smartwatch,Electronics,Ahmedabad,2,7000,14000
1679,2025-12-21,Mouse,Accessories,Pune,1,500,500
1680,2025-03-13,Smartwatch,Electronics,Chennai,6,7000,42000
1681,2025-05-10,Keyboard,Accessories,Mumbai,6,800,4800
1682,2025-07-13,Tablet,Electronics,Ahmedabad,1,30000,30000
1683,2025-10-26,Smartwatch,Electronics,Pune,4,7000,28000
1684,2025-07-04,Laptop,Electronics,Delhi,6,55000,330000
1685,2025-05-08,Mobile,Electronics,Hyderabad,6,20000,120000
1686,2025-11-28,Headphones,Accessories,Kolkata,5,1500,7500
1687,2025-06-19,Tablet,Electronics,Delhi,4,30000,120000
1688,2025-02-20,Laptop,Electronics,Bangalore,3,55000,165000
1689,2025-08-17,Keyboard,Accessories,Pune,3,800,2400
1690,2025-12-14,Smartwatch,Electronics,Mumbai,5,7000,35000
1691,2025-01-13,Monitor,Electronics,Delhi,4,12000,48000
1692,2025-08-01,Mouse,Accessories,Delhi,1,500,500
1693,2025-06-28,Headphones,Accessories,Hyderabad,3,1500,4500
1694,2025-04-16,Smartwatch,Electronics,Ahmedabad,5,7000,35000
1695,2025-09-01,Monitor,Electronics,Ahmedabad,1,12000,12000
1696,2025-06-13,Smartwatch,Electronics,Chennai,1,7000,7000
1697,2025-12-30,Laptop,Electronics,Kolkata,1,55000,55000
1698,2025-11-28,Monitor,Electronics,Mumbai,1,12000,12000
1699,2025-09-22,Keyboard,Accessories,Mumbai,2,800,1600
1700,2025-10-14,Monitor,Electronics,Ahmedabad,4,12000,48000
1701,2025-07-27,Keyboard,Accessories,Mumbai,6,800,4800
1702,2025-11-24,Headphones,Accessories,Pune,6,1500,9000
1703,2025-01-15,Tablet,Electronics,Bangalore,6,30000,180000
1704,2025-10-31,Smartwatch,Electronics,Pune,4,7000,28000
1705,2025-12-27,Laptop,Electronics,Bangalore,2,55000,110000
1706,2025-12-27,Mouse,Accessories,Delhi,1,500,500
1707,2025-07-07,Headphones,Accessories,Bangalore,3,1500,4500
1708,2025-02-28,Smartwatch,Electronics,Ahmedabad,3,7000,21000
1709,2025-11-02,Monitor,Electronics,Pune,4,12000,48000
1710,2025-06-28,Mobile,Electronics,Ahmedabad,3,20000,60000
1711,2025-12-11,Headphones,Accessories,Chennai,6,1500,9000
1712,2025-12-11,Mobile,Electronics,Hyderabad,2,20000,40000
1713,2025-05-03,Mobile,Electronics,Delhi,3,20000,60000
1714,2025-07-11,Headphones,Accessories,Mumbai,6,1500,9000
1715,2025-08-03,Tablet,Electronics,Mumbai,5,30000,150000
1716,2025-08-05,Tablet,Electronics,Ahmedabad,2,30000,60000
1717,2025-10-12,Headphones,Accessories,Ahmedabad,2,1500,3000
1718,2025-03-13,Mouse,Accessories,Hyderabad,2,500,1000
1719,2025-11-14,Smartwatch,Electronics,Hyderabad,1,7000,7000
1720,2025-09-06,Laptop,Electronics,Bangalore,2,55000,110000
1721,2025-10-15,Tablet,Electronics,Ahmedabad,5,30000,150000
1722,2025-12-17,Tablet,Electronics,Pune,4,30000,120000
1723,2025-09-08,Smartwatch,Electronics,Delhi,2,7000,14000
1724,2025-04-23,Laptop,Electronics,Kolkata,3,55000,165000
1725,2025-04-26,Mouse,Accessories,Chennai,5,500,2500
1726,2025-08-23,Headphones,Accessories,Ahmedabad,5,1500,7500
1727,2025-10-21,Mobile,Electronics,Chennai,1,20000,20000
1728,2025-10-05,Monitor,Electronics,Ahmedabad,1,12000,12000
1729,2025-08-06,Keyboard,Accessories,Bangalore,1,800,800
1730,2025-01-17,Mouse,Accessories,Chennai,4,500,2000
1731,2025-02-14,Monitor,Electronics,Delhi,4,12000,48000
1732,2025-04-18,Keyboard,Accessories,Hyderabad,6,800,4800
1733,2025-03-26,Tablet,Electronics,Mumbai,5,30000,150000
1734,2025-04-16,Keyboard,Accessories,Hyderabad,1,800,800
1735,2025-11-02,Mouse,Accessories,Mumbai,5,500,2500
1736,2025-12-27,Monitor,Electronics,Chennai,3,12000,36000
1737,2025-09-21,Mouse,Accessories,Delhi,6,500,3000
1738,2025-07-30,Headphones,Accessories,Chennai,1,1500,1500
1739,2025-12-26,Headphones,Accessories,Bangalore,2,1500,3000
1740,2025-12-31,Headphones,Accessories,Bangalore,3,1500,4500
1741,2025-09-08,Tablet,Electronics,Chennai,2,30000,60000
1742,2025-07-12,Tablet,Electronics,Delhi,4,30000,120000
1743,2025-07-26,Mobile,Electronics,Chennai,5,20000,100000
1744,2025-08-21,Monitor,Electronics,Hyderabad,4,12000,48000
1745,2025-02-17,Laptop,Electronics,Ahmedabad,6,55000,330000
1746,2025-02-02,Monitor,Electronics,Pune,5,12000,60000
1747,2025-08-08,Keyboard,Accessories,Ahmedabad,2,800,1600
1748,2025-06-15,Mouse,Accessories,Hyderabad,3,500,1500
1749,2025-10-17,Headphones,Accessories,Hyderabad,4,1500,6000
1750,2025-01-24,Laptop,Electronics,Ahmedabad,1,55000,55000
1751,2025-03-05,Laptop,Electronics,Ahmedabad,2,55000,110000
1752,2025-01-01,Smartwatch,Electronics,Bangalore,4,7000,28000
1753,2025-11-29,Headphones,Accessories,Mumbai,3,1500,4500
1754,2025-02-17,Mouse,Accessories,Hyderabad,6,500,3000
1755,2025-02-12,Mouse,Accessories,Mumbai,3,500,1500
1756,2025-07-22,Laptop,Electronics,Chennai,6,55000,330000
1757,2025-08-08,Keyboard,Accessories,Delhi,6,800,4800
1758,2025-01-01,Mobile,Electronics,Ahmedabad,2,20000,40000
1759,2025-03-09,Mobile,Electronics,Bangalore,5,20000,100000
1760,2025-01-05,Smartwatch,Electronics,Hyderabad,1,7000,7000
1761,2025-08-05,Mobile,Electronics,Mumbai,6,20000,120000
1762,2025-02-06,Smartwatch,Electronics,Pune,2,7000,14000
1763,2025-02-22,Mobile,Electronics,Hyderabad,1,20000,20000
1764,2025-06-03,Monitor,Electronics,Pune,2,12000,24000
1765,2025-11-25,Headphones,Accessories,Mumbai,6,1500,9000
1766,2025-09-29,Mobile,Electronics,Kolkata,5,20000,100000
1767,2025-08-14,Headphones,Accessories,Bangalore,3,1500,4500
1768,2025-07-30,Headphones,Accessories,Ahmedabad,5,1500,7500
1769,2025-02-14,Keyboard,Accessories,Mumbai,1,800,800
1770,2025-10-29,Mobile,Electronics,Pune,6,20000,120000
1771,2025-08-08,Monitor,Electronics,Mumbai,3,12000,36000
1772,2025-05-22,Keyboard,Accessories,Delhi,6,800,4800
1773,2025-10-11,Keyboard,Accessories,Chennai,5,800,4000
1774,2025-12-04,Laptop,Electronics,Bangalore,3,55000,165000
1775,2025-07-20,Keyboard,Accessories,Kolkata,3,800,2400
1776,2025-09-11,Keyboard,Accessories,Delhi,4,800,3200
1777,2025-09-13,Keyboard,Accessories,Delhi,6,800,4800
1778,2025-07-04,Laptop,Electronics,Mumbai,3,55000,165000
1779,2025-10-19,Tablet,Electronics,Hyderabad,4,30000,120000
1780,2025-08-30,Headphones,Accessories,Kolkata,1,1500,1500
1781,2025-01-08,Mobile,Electronics,Bangalore,3,20000,60000
1782,2025-01-31,Laptop,Electronics,Chennai,4,55000,220000
1783,2025-08-05,Tablet,Electronics,Pune,6,30000,180000
1784,2025-11-24,Mobile,Electronics,Mumbai,5,20000,100000
1785,2025-02-12,Mouse,Accessories,Delhi,3,500,1500
1786,2025-03-21,Keyboard,Accessories,Hyderabad,5,800,4000
1787,2025-10-28,Tablet,Electronics,Delhi,6,30000,180000
1788,2025-12-24,Mouse,Accessories,Bangalore,4,500,2000
1789,2025-05-06,Laptop,Electronics,Pune,1,55000,55000
1790,2025-08-21,Mobile,Electronics,Kolkata,5,20000,100000
1791,2025-12-08,Mouse,Accessories,Mumbai,6,500,3000
1792,2025-01-07,Mobile,Electronics,Mumbai,6,20000,120000
1793,2025-03-25,Laptop,Electronics,Hyderabad,4,55000,220000
1794,2025-03-27,Mouse,Accessories,Mumbai,3,500,1500
1795,2025-03-02,Mouse,Accessories,Hyderabad,1,500,500
1796,2025-05-20,Tablet,Electronics,Delhi,5,30000,150000
1797,2025-12-31,Mouse,Accessories,Delhi,5,500,2500
1798,2025-08-22,Smartwatch,Electronics,Hyderabad,5,7000,35000
1799,2025-09-13,Laptop,Electronics,Mumbai,5,55000,275000
1800,2025-03-22,Monitor,Electronics,Delhi,3,12000,36000
1801,2025-04-27,Mobile,Electronics,Kolkata,6,20000,120000
1802,2025-01-07,Laptop,Electronics,Kolkata,2,55000,110000
1803,2025-07-06,Smartwatch,Electronics,Mumbai,4,7000,28000
1804,2025-01-19,Headphones,Accessories,Pune,5,1500,7500
1805,2025-06-14,Keyboard,Accessories,Pune,2,800,1600
1806,2025-05-19,Monitor,Electronics,Hyderabad,1,12000,12000
1807,2025-09-15,Mobile,Electronics,Kolkata,6,20000,120000
1808,2025-04-25,Headphones,Accessories,Kolkata,5,1500,7500
1809,2025-02-05,Tablet,Electronics,Chennai,4,30000,120000
1810,2025-06-17,Mouse,Accessories,Ahmedabad,1,500,500
1811,2025-07-08,Laptop,Electronics,Chennai,2,55000,110000
1812,2025-11-15,Mouse,Accessories,Ahmedabad,2,500,1000
1813,2025-10-30,Monitor,Electronics,Bangalore,4,12000,48000
1814,2025-03-19,Keyboard,Accessories,Pune,1,800,800
1815,2025-04-30,Laptop,Electronics,Hyderabad,5,55000,275000
1816,2025-06-21,Laptop,Electronics,Pune,1,55000,55000
1817,2025-02-23,Mouse,Accessories,Bangalore,2,500,1000
1818,2025-09-09,Tablet,Electronics,Mumbai,1,30000,30000
1819,2025-02-17,Mouse,Accessories,Bangalore,1,500,500
1820,2025-12-25,Tablet,Electronics,Ahmedabad,3,30000,90000
1821,2025-10-25,Mobile,Electronics,Mumbai,1,20000,20000
1822,2025-02-08,Tablet,Electronics,Kolkata,5,30000,150000
1823,2025-12-06,Tablet,Electronics,Bangalore,2,30000,60000
1824,2025-05-14,Mouse,Accessories,Pune,3,500,1500
1825,2025-06-12,Monitor,Electronics,Chennai,4,12000,48000
1826,2025-02-08,Keyboard,Accessories,Mumbai,2,800,1600
1827,2025-03-21,Mobile,Electronics,Mumbai,1,20000,20000
1828,2025-08-27,Smartwatch,Electronics,Pune,3,7000,21000
1829,2025-10-02,Mobile,Electronics,Bangalore,3,20000,60000
1830,2025-06-07,Smartwatch,Electronics,Chennai,4,7000,28000
1831,2025-02-16,Mobile,Electronics,Chennai,2,20000,40000
1832,2025-04-21,Laptop,Electronics,Mumbai,3,55000,165000
1833,2025-12-31,Mobile,Electronics,Hyderabad,2,20000,40000
1834,2025-09-20,Tablet,Electronics,Chennai,1,30000,30000
1835,2025-03-31,Mouse,Accessories,Pune,1,500,500
1836,2025-10-12,Smartwatch,Electronics,Bangalore,6,7000,42000
1837,2025-08-25,Mobile,Electronics,Mumbai,1,20000,20000
1838,2025-01-07,Mobile,Electronics,Bangalore,1,20000,20000
1839,2025-04-12,Headphones,Accessories,Hyderabad,4,1500,6000
1840,2025-10-26,Mobile,Electronics,Chennai,5,20000,100000
1841,2025-01-12,Mobile,Electronics,Bangalore,1,20000,20000
1842,2025-03-07,Smartwatch,Electronics,Hyderabad,1,7000,7000
1843,2025-01-22,Mobile,Electronics,Kolkata,4,20000,80000
1844,2025-10-21,Headphones,Accessories,Pune,4,1500,6000
1845,2025-01-16,Smartwatch,Electronics,Pune,4,7000,28000
1846,2025-07-01,Headphones,Accessories,Mumbai,2,1500,3000
1847,2025-05-24,Mouse,Accessories,Mumbai,4,500,2000
1848,2025-11-11,Laptop,Electronics,Bangalore,5,55000,275000
1849,2025-09-13,Mouse,Accessories,Ahmedabad,4,500,2000
1850,2025-02-14,Laptop,Electronics,Pune,3,55000,165000
1851,2025-08-03,Headphones,Accessories,Bangalore,2,1500,3000
1852,2025-07-15,Laptop,Electronics,Hyderabad,6,55000,330000
1853,2025-10-06,Smartwatch,Electronics,Hyderabad,4,7000,28000
1854,2025-07-18,Monitor,Electronics,Mumbai,3,12000,36000
1855,2025-06-13,Laptop,Electronics,Bangalore,5,55000,275000
1856,2025-05-24,Laptop,Electronics,Ahmedabad,1,55000,55000
1857,2025-10-27,Monitor,Electronics,Mumbai,2,12000,24000
1858,2025-05-07,Mobile,Electronics,Bangalore,6,20000,120000
1859,2025-10-01,Mouse,Accessories,Kolkata,6,500,3000
1860,2025-10-22,Keyboard,Accessories,Hyderabad,4,800,3200
1861,2025-04-01,Headphones,Accessories,Hyderabad,2,1500,3000
1862,2025-10-30,Monitor,Electronics,Hyderabad,1,12000,12000
1863,2025-10-16,Headphones,Accessories,Ahmedabad,2,1500,3000
1864,2025-03-31,Mouse,Accessories,Kolkata,4,500,2000
1865,2025-01-29,Mobile,Electronics,Bangalore,2,20000,40000
1866,2025-09-27,Laptop,Electronics,Kolkata,4,55000,220000
1867,2025-11-11,Monitor,Electronics,Mumbai,2,12000,24000
1868,2025-04-01,Monitor,Electronics,Kolkata,3,12000,36000
1869,2025-03-17,Laptop,Electronics,Mumbai,5,55000,275000
1870,2025-09-27,Mobile,Electronics,Delhi,3,20000,60000
1871,2025-12-27,Monitor,Electronics,Pune,6,12000,72000
1872,2025-06-22,Mobile,Electronics,Hyderabad,3,20000,60000
1873,2025-03-22,Headphones,Accessories,Pune,6,1500,9000
1874,2025-11-29,Smartwatch,Electronics,Mumbai,3,7000,21000
1875,2025-04-25,Monitor,Electronics,Mumbai,6,12000,72000
1876,2025-06-07,Tablet,Electronics,Chennai,6,30000,180000
1877,2025-04-01,Headphones,Accessories,Kolkata,6,1500,9000
1878,2025-10-18,Tablet,Electronics,Mumbai,1,30000,30000
1879,2025-11-10,Monitor,Electronics,Delhi,2,12000,24000
1880,2025-03-14,Smartwatch,Electronics,Delhi,3,7000,21000
1881,2025-06-27,Keyboard,Accessories,Mumbai,3,800,2400
1882,2025-12-29,Mobile,Electronics,Hyderabad,6,20000,120000
1883,2025-01-06,Smartwatch,Electronics,Bangalore,3,7000,21000
1884,2025-12-21,Keyboard,Accessories,Hyderabad,1,800,800
1885,2025-02-25,Mouse,Accessories,Kolkata,6,500,3000
1886,2025-07-17,Laptop,Electronics,Pune,4,55000,220000
1887,2025-07-31,Headphones,Accessories,Pune,4,1500,6000
1888,2025-10-07,Monitor,Electronics,Delhi,4,12000,48000
1889,2025-10-23,Smartwatch,Electronics,Bangalore,6,7000,42000
1890,2025-08-20,Headphones,Accessories,Kolkata,1,1500,1500
1891,2025-01-11,Mouse,Accessories,Chennai,3,500,1500
1892,2025-02-07,Mobile,Electronics,Mumbai,3,20000,60000
1893,2025-03-24,Tablet,Electronics,Delhi,6,30000,180000
1894,2025-06-23,Mobile,Electronics,Ahmedabad,5,20000,100000
1895,2025-08-09,Laptop,Electronics,Mumbai,6,55000,330000
1896,2025-03-22,Tablet,Electronics,Delhi,1,30000,30000
1897,2025-04-16,Monitor,Electronics,Pune,2,12000,24000
1898,2025-12-05,Mouse,Accessories,Chennai,3,500,1500
1899,2025-02-19,Keyboard,Accessories,Pune,1,800,800
1900,2025-03-20,Smartwatch,Electronics,Hyderabad,1,7000,7000
1901,2025-08-07,Laptop,Electronics,Chennai,1,55000,55000
1902,2025-04-13,Smartwatch,Electronics,Kolkata,1,7000,7000
1903,2025-03-29,Keyboard,Accessories,Chennai,6,800,4800
1904,2025-08-31,Mobile,Electronics,Chennai,1,20000,20000
1905,2025-08-30,Tablet,Electronics,Chennai,4,30000,120000
1906,2025-11-25,Mobile,Electronics,Pune,5,20000,100000
1907,2025-07-09,Headphones,Accessories,Hyderabad,4,1500,6000
1908,2025-08-17,Headphones,Accessories,Chennai,1,1500,1500
1909,2025-08-27,Smartwatch,Electronics,Bangalore,3,7000,21000
1910,2025-10-16,Mouse,Accessories,Mumbai,1,500,500
1911,2025-02-13,Mobile,Electronics,Hyderabad,6,20000,120000
1912,2025-10-29,Tablet,Electronics,Kolkata,2,30000,60000
1913,2025-09-25,Tablet,Electronics,Ahmedabad,4,30000,120000
1914,2025-09-01,Keyboard,Accessories,Delhi,3,800,2400
1915,2025-01-18,Tablet,Electronics,Mumbai,5,30000,150000
1916,2025-08-18,Mobile,Electronics,Mumbai,2,20000,40000
1917,2025-04-09,Keyboard,Accessories,Kolkata,2,800,1600
1918,2025-02-10,Tablet,Electronics,Pune,6,30000,180000
1919,2025-11-18,Keyboard,Accessories,Chennai,2,800,1600
1920,2025-02-04,Monitor,Electronics,Pune,1,12000,12000
1921,2025-10-10,Tablet,Electronics,Chennai,3,30000,90000
1922,2025-01-07,Smartwatch,Electronics,Pune,6,7000,42000
1923,2025-08-01,Mobile,Electronics,Mumbai,2,20000,40000
1924,2025-02-24,Mobile,Electronics,Delhi,5,20000,100000
1925,2025-10-02,Mouse,Accessories,Pune,3,500,1500
1926,2025-07-16,Mouse,Accessories,Ahmedabad,6,500,3000
1927,2025-01-20,Smartwatch,Electronics,Chennai,2,7000,14000
1928,2025-03-15,Tablet,Electronics,Pune,5,30000,150000
1929,2025-07-22,Laptop,Electronics,Bangalore,3,55000,165000
1930,2025-09-01,Laptop,Electronics,Hyderabad,3,55000,165000
1931,2025-06-22,Laptop,Electronics,Chennai,3,55000,165000
1932,2025-09-09,Mouse,Accessories,Delhi,6,500,3000
1933,2025-03-10,Keyboard,Accessories,Ahmedabad,3,800,2400
1934,2025-05-18,Monitor,Electronics,Pune,6,12000,72000
1935,2025-04-07,Mobile,Electronics,Bangalore,4,20000,80000
1936,2025-09-06,Tablet,Electronics,Hyderabad,5,30000,150000
1937,2025-09-21,Laptop,Electronics,Delhi,2,55000,110000
1938,2025-12-30,Mouse,Accessories,Pune,5,500,2500
1939,2025-09-26,Headphones,Accessories,Kolkata,5,1500,7500
1940,2025-04-09,Headphones,Accessories,Kolkata,2,1500,3000
1941,2025-01-17,Keyboard,Accessories,Kolkata,4,800,3200
1942,2025-12-27,Monitor,Electronics,Chennai,2,12000,24000
1943,2025-08-26,Monitor,Electronics,Pune,5,12000,60000
1944,2025-12-15,Mobile,Electronics,Bangalore,1,20000,20000
1945,2025-09-08,Monitor,Electronics,Ahmedabad,5,12000,60000
1946,2025-08-31,Headphones,Accessories,Hyderabad,5,1500,7500
1947,2025-03-25,Monitor,Electronics,Delhi,3,12000,36000
1948,2025-01-15,Mouse,Accessories,Kolkata,4,500,2000
1949,2025-10-20,Headphones,Accessories,Bangalore,2,1500,3000
1950,2025-12-13,Keyboard,Accessories,Chennai,2,800,1600
1951,2025-09-20,Tablet,Electronics,Kolkata,1,30000,30000
1952,2025-03-09,Smartwatch,Electronics,Mumbai,6,7000,42000
1953,2025-04-25,Laptop,Electronics,Chennai,3,55000,165000
1954,2025-08-05,Mouse,Accessories,Hyderabad,4,500,2000
1955,2025-05-10,Smartwatch,Electronics,Ahmedabad,2,7000,14000
1956,2025-12-13,Mouse,Accessories,Pune,5,500,2500
1957,2025-01-04,Mobile,Electronics,Hyderabad,5,20000,100000
1958,2025-06-02,Mouse,Accessories,Delhi,6,500,3000
1959,2025-02-02,Smartwatch,Electronics,Chennai,3,7000,21000
1960,2025-05-22,Monitor,Electronics,Chennai,3,12000,36000
1961,2025-03-18,Keyboard,Accessories,Bangalore,5,800,4000
1962,2025-11-04,Laptop,Electronics,Hyderabad,4,55000,220000
1963,2025-01-14,Headphones,Accessories,Ahmedabad,6,1500,9000
1964,2025-05-13,Mouse,Accessories,Pune,4,500,2000
1965,2025-01-19,Tablet,Electronics,Bangalore,5,30000,150000
1966,2025-04-24,Monitor,Electronics,Ahmedabad,6,12000,72000
1967,2025-09-17,Monitor,Electronics,Mumbai,3,12000,36000
1968,2025-05-31,Headphones,Accessories,Ahmedabad,1,1500,1500
1969,2025-05-13,Headphones,Accessories,Mumbai,6,1500,9000
1970,2025-12-02,Monitor,Electronics,Bangalore,1,12000,12000
1971,2025-04-25,Monitor,Electronics,Chennai,6,12000,72000
1972,2025-06-19,Tablet,Electronics,Chennai,3,30000,90000
1973,2025-08-26,Mouse,Accessories,Ahmedabad,1,500,500
1974,2025-11-21,Laptop,Electronics,Delhi,5,55000,275000
1975,2025-04-10,Smartwatch,Electronics,Delhi,5,7000,35000
1976,2025-09-29,Tablet,Electronics,Pune,3,30000,90000
1977,2025-03-19,Laptop,Electronics,Bangalore,2,55000,110000
1978,2025-07-29,Monitor,Electronics,Ahmedabad,5,12000,60000
1979,2025-06-11,Headphones,Accessories,Mumbai,6,1500,9000
1980,2025-09-07,Mobile,Electronics,Mumbai,3,20000,60000
1981,2025-11-21,Monitor,Electronics,Kolkata,1,12000,12000
1982,2025-05-21,Smartwatch,Electronics,Mumbai,2,7000,14000
1983,2025-09-08,Headphones,Accessories,Mumbai,1,1500,1500
1984,2025-11-21,Tablet,Electronics,Pune,4,30000,120000
1985,2025-09-02,Tablet,Electronics,Kolkata,4,30000,120000
1986,2025-10-01,Laptop,Electronics,Hyderabad,2,55000,110000
1987,2025-06-14,Laptop,Electronics,Bangalore,5,55000,275000
1988,2025-12-13,Laptop,Electronics,Bangalore,1,55000,55000
1989,2025-12-22,Keyboard,Accessories,Chennai,3,800,2400
1990,2025-02-22,Headphones,Accessories,Chennai,4,1500,6000
1991,2025-02-03,Headphones,Accessories,Chennai,1,1500,1500
1992,2025-08-22,Mouse,Accessories,Hyderabad,6,500,3000
1993,2025-12-18,Tablet,Electronics,Hyderabad,2,30000,60000
1994,2025-07-03,Smartwatch,Electronics,Mumbai,2,7000,14000
1995,2025-01-10,Tablet,Electronics,Bangalore,2,30000,60000
1996,2025-04-19,Headphones,Accessories,Kolkata,6,1500,9000
1997,2025-03-05,Headphones,Accessories,Kolkata,3,1500,4500
1998,2025-11-24,Tablet,Electronics,Kolkata,3,30000,90000
1999,2025-12-05,Laptop,Electronics,Kolkata,1,55000,55000
2000,2025-12-20,Laptop,Electronics,Pune,1,55000,55000
2001,2025-07-14,Smartwatch,Electronics,Chennai,1,7000,7000
2002,2025-12-26,Smartwatch,Electronics,Bangalore,2,7000,14000
2003,2025-06-04,Laptop,Electronics,Delhi,4,55000,220000
2004,2025-11-15,Mouse,Accessories,Mumbai,5,500,2500
2005,2025-02-23,Tablet,Electronics,Delhi,5,30000,150000
2006,2025-02-28,Mouse,Accessories,Ahmedabad,1,500,500
2007,2025-11-08,Keyboard,Accessories,Chennai,2,800,1600
2008,2025-07-03,Keyboard,Accessories,Pune,6,800,4800
2009,2025-03-24,Mouse,Accessories,Ahmedabad,1,500,500
2010,2025-12-19,Keyboard,Accessories,Hyderabad,4,800,3200
2011,2025-01-02,Keyboard,Accessories,Delhi,1,800,800
2012,2025-10-21,Mobile,Electronics,Ahmedabad,6,20000,120000
2013,2025-02-16,Headphones,Accessories,Delhi,5,1500,7500
2014,2025-05-12,Mobile,Electronics,Bangalore,6,20000,120000
2015,2025-06-01,Smartwatch,Electronics,Ahmedabad,3,7000,21000
2016,2025-02-21,Laptop,Electronics,Kolkata,2,55000,110000
2017,2025-07-04,Mouse,Accessories,Hyderabad,6,500,3000
2018,2025-03-01,Tablet,Electronics,Kolkata,1,30000,30000
2019,2025-03-12,Laptop,Electronics,Mumbai,6,55000,330000
2020,2025-07-03,Monitor,Electronics,Chennai,4,12000,48000
2021,2025-07-10,Mobile,Electronics,Mumbai,3,20000,60000
2022,2025-07-25,Mobile,Electronics,Ahmedabad,4,20000,80000
2023,2025-07-17,Mouse,Accessories,Ahmedabad,6,500,3000
2024,2025-11-29,Tablet,Electronics,Delhi,2,30000,60000
2025,2025-12-23,Headphones,Accessories,Kolkata,6,1500,9000
2026,2025-02-23,Headphones,Accessories,Ahmedabad,4,1500,6000
2027,2025-04-03,Smartwatch,Electronics,Pune,5,7000,35000
2028,2025-11-10,Monitor,Electronics,Mumbai,1,12000,12000
2029,2025-09-07,Smartwatch,Electronics,Pune,1,7000,7000
2030,2025-01-24,Smartwatch,Electronics,Chennai,1,7000,7000
2031,2025-01-07,Monitor,Electronics,Bangalore,6,12000,72000
2032,2025-09-23,Monitor,Electronics,Delhi,5,12000,60000
2033,2025-12-05,Tablet,Electronics,Bangalore,6,30000,180000
2034,2025-06-27,Smartwatch,Electronics,Pune,6,7000,42000
2035,2025-10-13,Headphones,Accessories,Kolkata,5,1500,7500
2036,2025-11-26,Laptop,Electronics,Ahmedabad,2,55000,110000
2037,2025-03-26,Smartwatch,Electronics,Ahmedabad,1,7000,7000
2038,2025-05-04,Monitor,Electronics,Chennai,3,12000,36000
2039,2025-09-17,Laptop,Electronics,Pune,2,55000,110000
2040,2025-05-01,Tablet,Electronics,Ahmedabad,1,30000,30000
2041,2025-10-21,Smartwatch,Electronics,Delhi,4,7000,28000
2042,2025-08-17,Smartwatch,Electronics,Delhi,3,7000,21000
2043,2025-12-01,Smartwatch,Electronics,Delhi,1,7000,7000
2044,2025-07-31,Tablet,Electronics,Kolkata,1,30000,30000
2045,2025-11-06,Mobile,Electronics,Chennai,5,20000,100000
2046,2025-12-02,Keyboard,Accessories,Ahmedabad,6,800,4800
2047,2025-07-06,Monitor,Electronics,Bangalore,1,12000,12000
2048,2025-06-19,Smartwatch,Electronics,Ahmedabad,5,7000,35000
2049,2025-08-20,Monitor,Electronics,Delhi,1,12000,12000
2050,2025-01-02,Keyboard,Accessories,Hyderabad,3,800,2400
2051,2025-10-08,Mouse,Accessories,Hyderabad,5,500,2500
2052,2025-01-24,Mobile,Electronics,Ahmedabad,2,20000,40000
2053,2025-07-29,Headphones,Accessories,Chennai,1,1500,1500
2054,2025-04-07,Keyboard,Accessories,Pune,1,800,800
2055,2025-08-23,Keyboard,Accessories,Hyderabad,2,800,1600
2056,2025-08-01,Mobile,Electronics,Delhi,1,20000,20000
2057,2025-08-23,Smartwatch,Electronics,Mumbai,6,7000,42000
2058,2025-01-03,Smartwatch,Electronics,Kolkata,5,7000,35000
2059,2025-10-27,Tablet,Electronics,Mumbai,4,30000,120000
2060,2025-03-07,Headphones,Accessories,Pune,1,1500,1500
2061,2025-09-16,Monitor,Electronics,Pune,4,12000,48000
2062,2025-05-21,Keyboard,Accessories,Hyderabad,4,800,3200
2063,2025-08-20,Mouse,Accessories,Mumbai,2,500,1000
2064,2025-11-05,Tablet,Electronics,Chennai,6,30000,180000
2065,2025-12-31,Monitor,Electronics,Bangalore,6,12000,72000
2066,2025-04-18,Keyboard,Accessories,Chennai,5,800,4000
2067,2025-12-11,Monitor,Electronics,Mumbai,2,12000,24000
2068,2025-12-30,Monitor,Electronics,Hyderabad,1,12000,12000
2069,2025-10-26,Smartwatch,Electronics,Pune,5,7000,35000
2070,2025-08-05,Mouse,Accessories,Delhi,1,500,500
2071,2025-07-15,Laptop,Electronics,Kolkata,2,55000,110000
2072,2025-04-13,Laptop,Electronics,Mumbai,3,55000,165000
2073,2025-12-16,Mouse,Accessories,Mumbai,3,500,1500
2074,2025-12-20,Laptop,Electronics,Bangalore,3,55000,165000
2075,2025-07-03,Laptop,Electronics,Delhi,4,55000,220000
2076,2025-11-28,Keyboard,Accessories,Pune,5,800,4000
2077,2025-09-19,Keyboard,Accessories,Chennai,6,800,4800
2078,2025-07-15,Laptop,Electronics,Pune,4,55000,220000
2079,2025-10-10,Monitor,Electronics,Kolkata,1,12000,12000
2080,2025-04-14,Mouse,Accessories,Ahmedabad,5,500,2500
2081,2025-11-21,Keyboard,Accessories,Hyderabad,6,800,4800
2082,2025-04-10,Keyboard,Accessories,Ahmedabad,3,800,2400
2083,2025-12-16,Headphones,Accessories,Mumbai,1,1500,1500
2084,2025-09-21,Headphones,Accessories,Pune,1,1500,1500
2085,2025-08-08,Laptop,Electronics,Chennai,3,55000,165000
2086,2025-03-24,Headphones,Accessories,Chennai,5,1500,7500
2087,2025-06-19,Laptop,Electronics,Mumbai,4,55000,220000
2088,2025-03-20,Laptop,Electronics,Kolkata,3,55000,165000
2089,2025-09-09,Mouse,Accessories,Hyderabad,5,500,2500
2090,2025-12-29,Mobile,Electronics,Bangalore,3,20000,60000
2091,2025-09-24,Headphones,Accessories,Mumbai,1,1500,1500
2092,2025-10-06,Tablet,Electronics,Pune,5,30000,150000
2093,2025-06-28,Mobile,Electronics,Bangalore,2,20000,40000
2094,2025-06-19,Monitor,Electronics,Chennai,3,12000,36000
2095,2025-11-13,Keyboard,Accessories,Ahmedabad,5,800,4000
2096,2025-02-28,Laptop,Electronics,Hyderabad,6,55000,330000
2097,2025-05-04,Smartwatch,Electronics,Bangalore,6,7000,42000
2098,2025-12-16,Laptop,Electronics,Pune,3,55000,165000
2099,2025-07-17,Mobile,Electronics,Chennai,3,20000,60000
2100,2025-09-22,Laptop,Electronics,Ahmedabad,3,55000,165000
2101,2025-01-23,Smartwatch,Electronics,Bangalore,3,7000,21000
2102,2025-09-21,Monitor,Electronics,Delhi,1,12000,12000
2103,2025-10-03,Headphones,Accessories,Kolkata,5,1500,7500
2104,2025-04-18,Mobile,Electronics,Bangalore,6,20000,120000
2105,2025-02-23,Tablet,Electronics,Pune,2,30000,60000
2106,2025-12-18,Mobile,Electronics,Kolkata,2,20000,40000
2107,2025-06-19,Smartwatch,Electronics,Delhi,1,7000,7000
2108,2025-01-28,Mobile,Electronics,Chennai,2,20000,40000
2109,2025-10-22,Mobile,Electronics,Chennai,2,20000,40000
2110,2025-07-18,Tablet,Electronics,Pune,4,30000,120000
2111,2025-06-11,Tablet,Electronics,Pune,1,30000,30000
2112,2025-10-01,Mobile,Electronics,Delhi,1,20000,20000
2113,2025-12-25,Laptop,Electronics,Hyderabad,1,55000,55000
2114,2025-05-29,Mobile,Electronics,Chennai,6,20000,120000
2115,2025-05-25,Mobile,Electronics,Pune,4,20000,80000
2116,2025-12-05,Tablet,Electronics,Ahmedabad,1,30000,30000
2117,2025-10-01,Headphones,Accessories,Mumbai,2,1500,3000
2118,2025-10-07,Tablet,Electronics,Mumbai,3,30000,90000
2119,2025-12-13,Mouse,Accessories,Hyderabad,6,500,3000
2120,2025-10-11,Laptop,Electronics,Mumbai,5,55000,275000
2121,2025-01-22,Mobile,Electronics,Pune,1,20000,20000
2122,2025-06-06,Mobile,Electronics,Hyderabad,2,20000,40000
2123,2025-07-31,Keyboard,Accessories,Mumbai,6,800,4800
2124,2025-04-05,Headphones,Accessories,Chennai,2,1500,3000
2125,2025-02-28,Keyboard,Accessories,Kolkata,2,800,1600
2126,2025-11-27,Smartwatch,Electronics,Delhi,5,7000,35000
2127,2025-12-10,Mouse,Accessories,Chennai,1,500,500
2128,2025-04-12,Mobile,Electronics,Ahmedabad,6,20000,120000
2129,2025-07-02,Monitor,Electronics,Bangalore,2,12000,24000
2130,2025-05-26,Mobile,Electronics,Delhi,5,20000,100000
2131,2025-06-12,Keyboard,Accessories,Ahmedabad,4,800,3200
2132,2025-11-12,Monitor,Electronics,Chennai,6,12000,72000
2133,2025-10-17,Headphones,Accessories,Hyderabad,5,1500,7500
2134,2025-08-08,Monitor,Electronics,Kolkata,2,12000,24000
2135,2025-05-07,Monitor,Electronics,Pune,2,12000,24000
2136,2025-07-04,Mouse,Accessories,Hyderabad,2,500,1000
2137,2025-08-25,Smartwatch,Electronics,Hyderabad,4,7000,28000
2138,2025-09-07,Mouse,Accessories,Delhi,5,500,2500
2139,2025-11-27,Headphones,Accessories,Delhi,5,1500,7500
2140,2025-03-13,Mouse,Accessories,Bangalore,5,500,2500
2141,2025-11-17,Mouse,Accessories,Delhi,1,500,500
2142,2025-09-17,Laptop,Electronics,Kolkata,6,55000,330000
2143,2025-10-30,Tablet,Electronics,Kolkata,2,30000,60000
2144,2025-10-06,Mouse,Accessories,Ahmedabad,5,500,2500
2145,2025-07-07,Headphones,Accessories,Bangalore,4,1500,6000
2146,2025-03-10,Mouse,Accessories,Delhi,4,500,2000
2147,2025-07-06,Tablet,Electronics,Kolkata,5,30000,150000
2148,2025-11-11,Keyboard,Accessories,Mumbai,6,800,4800
2149,2025-08-17,Headphones,Accessories,Mumbai,2,1500,3000
2150,2025-09-05,Headphones,Accessories,Kolkata,3,1500,4500
2151,2025-09-07,Keyboard,Accessories,Delhi,2,800,1600
2152,2025-07-09,Mouse,Accessories,Kolkata,2,500,1000
2153,2025-09-23,Keyboard,Accessories,Pune,3,800,2400
2154,2025-08-21,Smartwatch,Electronics,Kolkata,1,7000,7000
2155,2025-02-22,Monitor,Electronics,Chennai,6,12000,72000
2156,2025-10-24,Mouse,Accessories,Mumbai,5,500,2500
2157,2025-12-01,Tablet,Electronics,Hyderabad,4,30000,120000
2158,2025-09-22,Mobile,Electronics,Pune,3,20000,60000
2159,2025-09-22,Keyboard,Accessories,Hyderabad,4,800,3200
2160,2025-09-07,Monitor,Electronics,Kolkata,4,12000,48000
2161,2025-08-14,Headphones,Accessories,Bangalore,2,1500,3000
2162,2025-09-21,Mobile,Electronics,Chennai,6,20000,120000
2163,2025-03-18,Keyboard,Accessories,Mumbai,2,800,1600
2164,2025-11-05,Monitor,Electronics,Delhi,6,12000,72000
2165,2025-08-01,Keyboard,Accessories,Delhi,3,800,2400
2166,2025-12-12,Smartwatch,Electronics,Ahmedabad,4,7000,28000
2167,2025-10-30,Keyboard,Accessories,Pune,2,800,1600
2168,2025-05-05,Laptop,Electronics,Mumbai,1,55000,55000
2169,2025-03-10,Headphones,Accessories,Kolkata,6,1500,9000
2170,2025-01-29,Headphones,Accessories,Chennai,2,1500,3000
2171,2025-09-22,Headphones,Accessories,Kolkata,4,1500,6000
2172,2025-02-13,Mouse,Accessories,Ahmedabad,2,500,1000
2173,2025-09-04,Smartwatch,Electronics,Bangalore,2,7000,14000
2174,2025-11-04,Tablet,Electronics,Mumbai,2,30000,60000
2175,2025-03-27,Mouse,Accessories,Hyderabad,6,500,3000
2176,2025-11-02,Smartwatch,Electronics,Delhi,5,7000,35000
2177,2025-07-13,Keyboard,Accessories,Mumbai,4,800,3200
2178,2025-01-09,Mobile,Electronics,Pune,2,20000,40000
2179,2025-11-07,Headphones,Accessories,Mumbai,1,1500,1500
2180,2025-11-11,Smartwatch,Electronics,Kolkata,5,7000,35000
2181,2025-02-17,Mobile,Electronics,Mumbai,4,20000,80000
2182,2025-12-14,Laptop,Electronics,Pune,6,55000,330000
2183,2025-07-09,Tablet,Electronics,Pune,1,30000,30000
2184,2025-09-04,Keyboard,Accessories,Hyderabad,4,800,3200
2185,2025-08-06,Mobile,Electronics,Chennai,2,20000,40000
2186,2025-04-30,Smartwatch,Electronics,Chennai,1,7000,7000
2187,2025-05-12,Tablet,Electronics,Kolkata,2,30000,60000
2188,2025-10-23,Laptop,Electronics,Delhi,5,55000,275000
2189,2025-07-12,Laptop,Electronics,Bangalore,6,55000,330000
2190,2025-07-29,Monitor,Electronics,Delhi,3,12000,36000
2191,2025-08-07,Headphones,Accessories,Chennai,6,1500,9000
2192,2025-10-02,Mouse,Accessories,Hyderabad,4,500,2000
2193,2025-12-15,Mouse,Accessories,Bangalore,4,500,2000
2194,2025-10-10,Tablet,Electronics,Ahmedabad,5,30000,150000
2195,2025-07-09,Headphones,Accessories,Ahmedabad,5,1500,7500
2196,2025-06-07,Mouse,Accessories,Hyderabad,5,500,2500
2197,2025-03-12,Tablet,Electronics,Delhi,6,30000,180000
2198,2025-08-17,Keyboard,Accessories,Mumbai,6,800,4800
2199,2025-04-20,Mobile,Electronics,Pune,5,20000,100000
